renewalId,policyId,renewalDate,renewalAmount,paymentStatus
3001,1001,2026-05-26,1020,Paid
3002,1002,2026-05-27,1040,Paid
3003,1003,2026-05-28,1060,Paid
3004,1004,2026-05-29,1080,Paid
3005,1005,2026-05-30,1100,Paid
3006,1006,2026-05-31,1120,Paid
3007,1007,2026-06-01,1140,Paid
3008,1008,2026-06-02,1160,Paid
3009,1009,2026-06-03,1180,Paid
3010,1010,2026-06-04,1200,Paid
3011,1011,2026-06-05,1220,Paid
3012,1012,2026-06-06,1240,Paid
3013,1013,2026-06-07,1260,Paid
3014,1014,2026-06-08,1280,Paid
3015,1015,2026-06-09,1300,Paid
3016,1016,2026-06-10,1320,Paid
3017,1017,2026-06-11,1340,Paid
3018,1018,2026-06-12,1360,Paid
3019,1019,2026-06-13,1380,Paid
3020,1020,2026-06-14,1400,Paid
3021,1021,2026-06-15,1420,Paid
3022,1022,2026-06-16,1440,Paid
3023,1023,2026-06-17,1460,Paid
3024,1024,2026-06-18,1480,Paid
3025,1025,2026-06-19,1500,Paid
3026,1026,2026-06-20,1520,Paid
3027,1027,2026-06-21,1540,Paid
3028,1028,2026-06-22,1560,Paid
3029,1029,2026-06-23,1580,Paid
3030,1030,2026-06-24,1600,Paid
3031,1031,2026-06-25,1620,Paid
3032,1032,2026-06-26,1640,Paid
3033,1033,2026-06-27,1660,Paid
3034,1034,2026-06-28,1680,Paid
3035,1035,2026-06-29,1700,Paid
3036,1036,2026-06-30,1720,Paid
3037,1037,2026-07-01,1740,Paid
3038,1038,2026-07-02,1760,Paid
3039,1039,2026-07-03,1780,Paid
3040,1040,2026-07-04,1800,Paid
3041,1041,2026-07-05,1820,Paid
3042,1042,2026-07-06,1840,Paid
3043,1043,2026-07-07,1860,Paid
3044,1044,2026-07-08,1880,Paid
3045,1045,2026-07-09,1900,Paid
3046,1046,2026-07-10,1920,Paid
3047,1047,2026-07-11,1940,Paid
3048,1048,2026-07-12,1960,Paid
3049,1049,2026-07-13,1980,Paid
3050,1050,2026-07-14,2000,Paid
3051,1051,2026-07-15,2020,Paid
3052,1052,2026-07-16,2040,Paid
3053,1053,2026-07-17,2060,Paid
3054,1054,2026-07-18,2080,Paid
3055,1055,2026-07-19,2100,Paid
3056,1056,2026-07-20,2120,Paid
3057,1057,2026-07-21,2140,Paid
3058,1058,2026-07-22,2160,Paid
3059,1059,2026-07-23,2180,Paid
3060,1060,2026-05-25,2200,Paid
3061,1061,2026-05-26,2220,Paid
3062,1062,2026-05-27,2240,Paid
3063,1063,2026-05-28,2260,Paid
3064,1064,2026-05-29,2280,Paid
3065,1065,2026-05-30,2300,Paid
3066,1066,2026-05-31,2320,Paid
3067,1067,2026-06-01,2340,Paid
3068,1068,2026-06-02,2360,Paid
3069,1069,2026-06-03,2380,Paid
3070,1070,2026-06-04,2400,Paid
3071,1071,2026-06-05,2420,Paid
3072,1072,2026-06-06,2440,Paid
3073,1073,2026-06-07,2460,Paid
3074,1074,2026-06-08,2480,Paid
3075,1075,2026-06-09,2500,Paid
3076,1076,2026-06-10,2520,Paid
3077,1077,2026-06-11,2540,Paid
3078,1078,2026-06-12,2560,Paid
3079,1079,2026-06-13,2580,Paid
3080,1080,2026-06-14,2600,Paid
3081,1081,2026-06-15,2620,Paid
3082,1082,2026-06-16,2640,Paid
3083,1083,2026-06-17,2660,Paid
3084,1084,2026-06-18,2680,Paid
3085,1085,2026-06-19,2700,Paid
3086,1086,2026-06-20,2720,Paid
3087,1087,2026-06-21,2740,Paid
3088,1088,2026-06-22,2760,Paid
3089,1089,2026-06-23,2780,Paid
3090,1090,2026-06-24,2800,Paid
3091,1091,2026-06-25,2820,Paid
3092,1092,2026-06-26,2840,Paid
3093,1093,2026-06-27,2860,Paid
3094,1094,2026-06-28,2880,Paid
3095,1095,2026-06-29,2900,Paid
3096,1096,2026-06-30,2920,Paid
3097,1097,2026-07-01,2940,Paid
3098,1098,2026-07-02,2960,Paid
3099,1099,2026-07-03,2980,Paid
3100,1100,2026-07-04,3000,Paid
